INSERT INTO vms.v_list (id, created_date, annual_table_id, case_tag, ordering, respond_tag, v_category_code, v_category_name, v_detail) VALUES (3, '2022-04-27 08:10:51.915478', null, 'xss', 1, 'xss', 1, '입력 값 검증 부재', '입력 값 검증 부재에 대한 설명을 하십시오.~~~');
INSERT INTO vms.v_list (id, created_date, annual_table_id, case_tag, ordering, respond_tag, v_category_code, v_category_name, v_detail) VALUES (4, '2022-04-27 08:18:44.871736', null, 'file', 1, 'file', 2, '취약한 파일처리', '취약한 파일처리에 대한 설명 기재');
INSERT INTO vms.v_list (id, created_date, annual_table_id, case_tag, ordering, respond_tag, v_category_code, v_category_name, v_detail) VALUES (5, '2022-04-27 08:22:53.254764', null, 'auth', 1, 'auth', 3, '취약한 접근통제 및 인증 설정', '취약한 접근통제 및 인증 설정에 관한 설명 기입');
INSERT INTO vms.v_list (id, created_date, annual_table_id, case_tag, ordering, respond_tag, v_category_code, v_category_name, v_detail) VALUES (6, '2022-04-27 08:25:43.461715', null, 'info', 1, 'info', 4, '주요 정보 저장/전송 처리 미흡', '주요 정보 저장/전송 처리 미흡에 대한 설명란입니다.');
INSERT INTO vms.v_list (id, created_date, annual_table_id, case_tag, ordering, respond_tag, v_category_code, v_category_name, v_detail) VALUES (7, '2022-04-27 08:29:14.518442', null, 'crypto', 1, 'crypto', 5, '취약한 암호화 방식 사용 및 적용 관리', '취약한 암호화 방식 사용 및 적용 관리에 대한 설명');
INSERT INTO vms.v_list (id, created_date, annual_table_id, case_tag, ordering, respond_tag, v_category_code, v_category_name, v_detail) VALUES (8, '2022-04-27 08:32:12.963393', null, 'error', 1, 'error', 6, '부적절한 오류 처리', '부적절한 오류처리에 대한 설명을 기입하세요');
INSERT INTO vms.v_list (id, created_date, annual_table_id, case_tag, ordering, respond_tag, v_category_code, v_category_name, v_detail) VALUES (9, '2022-04-27 08:39:54.571389', null, 'settings', 1, 'settings', 7, '취약한 보안 기능 및 설정', '취약한 보안기능 및 설정에 대한 것을 작성하세요');
INSERT INTO vms.v_list (id, created_date, annual_table_id, case_tag, ordering, respond_tag, v_category_code, v_category_name, v_detail) VALUES (10, '2022-04-27 08:41:39.557169', null, 'etc', 1, 'etc', 8, '기타 취약점', '기타 취약점에 대한 디스크립션');


INSERT INTO vms.v_item_detail_group (id, ordering, v_group_code, v_group_grade, v_group_name, v_item_id) VALUES (5, 1, 1, 1, 'XSS/CSRF 공격 가능성', 3);
INSERT INTO vms.v_item_detail_group (id, ordering, v_group_code, v_group_grade, v_group_name, v_item_id) VALUES (6, 1, 2, 0, 'SQL/Command Injection 공격 가능성', 3);
INSERT INTO vms.v_item_detail_group (id, ordering, v_group_code, v_group_grade, v_group_name, v_item_id) VALUES (7, 1, 3, 2, '검증되지 않은 리다이렉트와 포워드', 3);
INSERT INTO vms.v_item_detail_group (id, ordering, v_group_code, v_group_grade, v_group_name, v_item_id) VALUES (8, 1, 4, 1, 'CRLF 공격 가능성', 3);
INSERT INTO vms.v_item_detail_group (id, ordering, v_group_code, v_group_grade, v_group_name, v_item_id) VALUES (9, 2, 1, 2, '악성코드파일 업로드', 4);
INSERT INTO vms.v_item_detail_group (id, ordering, v_group_code, v_group_grade, v_group_name, v_item_id) VALUES (10, 2, 2, 2, '중요 정보 파일 다운로드 가능성', 4);
INSERT INTO vms.v_item_detail_group (id, ordering, v_group_code, v_group_grade, v_group_name, v_item_id) VALUES (11, 3, 1, 2, '요청 및 응답 파라미터 값 조작 가능성', 5);
INSERT INTO vms.v_item_detail_group (id, ordering, v_group_code, v_group_grade, v_group_name, v_item_id) VALUES (12, 3, 2, 2, '비인증 상태 기능 사용 가능성', 5);
INSERT INTO vms.v_item_detail_group (id, ordering, v_group_code, v_group_grade, v_group_name, v_item_id) VALUES (13, 3, 3, 2, '인증 값 중복/재사용 가능성 및 파기 여부', 5);
INSERT INTO vms.v_item_detail_group (id, ordering, v_group_code, v_group_grade, v_group_name, v_item_id) VALUES (14, 3, 4, 2, '관리자 서비스 분리 및 노출 여부', 5);
INSERT INTO vms.v_item_detail_group (id, ordering, v_group_code, v_group_grade, v_group_name, v_item_id) VALUES (15, 4, 1, 2, '소스코드 내 주요 정보 저장 여부', 6);
INSERT INTO vms.v_item_detail_group (id, ordering, v_group_code, v_group_grade, v_group_name, v_item_id) VALUES (16, 4, 2, 2, '데이터 통신 간 정보 노출 여부', 6);
INSERT INTO vms.v_item_detail_group (id, ordering, v_group_code, v_group_grade, v_group_name, v_item_id) VALUES (17, 5, 1, 2, '통신 구간 암호화 적용 여부', 7);
INSERT INTO vms.v_item_detail_group (id, ordering, v_group_code, v_group_grade, v_group_name, v_item_id) VALUES (18, 5, 2, 2, '취약한 암호 알고리즘 사용 여부', 7);
INSERT INTO vms.v_item_detail_group (id, ordering, v_group_code, v_group_grade, v_group_name, v_item_id) VALUES (19, 6, 1, 2, '오류페이지를 통한 정보 노출 여부', 8);
INSERT INTO vms.v_item_detail_group (id, ordering, v_group_code, v_group_grade, v_group_name, v_item_id) VALUES (20, 6, 2, 2, '일괄적인 오류 처리 페이지 존재 여부', 8);
INSERT INTO vms.v_item_detail_group (id, ordering, v_group_code, v_group_grade, v_group_name, v_item_id) VALUES (21, 7, 1, 2, '패스워드 정책 유무 및 반영 여부', 9);
INSERT INTO vms.v_item_detail_group (id, ordering, v_group_code, v_group_grade, v_group_name, v_item_id) VALUES (22, 7, 2, 2, '주요 기능 인증 실패 횟수 제한', 9);
INSERT INTO vms.v_item_detail_group (id, ordering, v_group_code, v_group_grade, v_group_name, v_item_id) VALUES (23, 7, 3, 2, '서비스 기능 악용 가능 여부', 9);
INSERT INTO vms.v_item_detail_group (id, ordering, v_group_code, v_group_grade, v_group_name, v_item_id) VALUES (24, 7, 4, 2, '백업 파일 및 테스트 파일 존재 여부', 9);
INSERT INTO vms.v_item_detail_group (id, ordering, v_group_code, v_group_grade, v_group_name, v_item_id) VALUES (25, 7, 5, 2, '취약한 TLS 버전 사용', 9);
INSERT INTO vms.v_item_detail_group (id, ordering, v_group_code, v_group_grade, v_group_name, v_item_id) VALUES (26, 7, 6, 2, 'HTTPS 통신 강제화 여부', 9);
INSERT INTO vms.v_item_detail_group (id, ordering, v_group_code, v_group_grade, v_group_name, v_item_id) VALUES (27, 7, 7, 2, '쿠키 보호를 위한 설정 여부', 9);
INSERT INTO vms.v_item_detail_group (id, ordering, v_group_code, v_group_grade, v_group_name, v_item_id) VALUES (28, 7, 8, 2, '파일 목록화 가능성', 9);
INSERT INTO vms.v_item_detail_group (id, ordering, v_group_code, v_group_grade, v_group_name, v_item_id) VALUES (29, 7, 9, 2, '응답 헤더 내 서버 정보 노출', 9);
INSERT INTO vms.v_item_detail_group (id, ordering, v_group_code, v_group_grade, v_group_name, v_item_id) VALUES (30, 7, 10, 2, '검색엔진 정보 노출 가능성', 9);
INSERT INTO vms.v_item_detail_group (id, ordering, v_group_code, v_group_grade, v_group_name, v_item_id) VALUES (31, 7, 7, 2, 'Client Request Method', 9);
INSERT INTO vms.v_item_detail_group (id, ordering, v_group_code, v_group_grade, v_group_name, v_item_id) VALUES (32, 8, 1, 2, '취약점 진단 항목에 정의되지 않은 취약점', 10);


INSERT INTO vms.v_item_detail (id, v_detail, v_item_detail_group_id) VALUES (13, '입력 값 필터링처리 부재 또는 미흡으로 악성 스크립트 등록 후 브라우저에서 동작 가능 여부', 5);
INSERT INTO vms.v_item_detail (id, v_detail, v_item_detail_group_id) VALUES (14, '입력 값 필터링 없이 직접 DB 쿼리 사용 여부', 6);
INSERT INTO vms.v_item_detail (id, v_detail, v_item_detail_group_id) VALUES (15, '입력 값 필터링 없이 시스템 명령어 호출로 사용 여부', 6);
INSERT INTO vms.v_item_detail (id, v_detail, v_item_detail_group_id) VALUES (16, 'XPATH에 입력된 값을 필터링 되지 않은 채 사용 여부', 6);
INSERT INTO vms.v_item_detail (id, v_detail, v_item_detail_group_id) VALUES (17, '입력 값 필터링처리 부재 또는 미흡으로 악성사이트 리다이렉트 가능 여부', 7);
INSERT INTO vms.v_item_detail (id, v_detail, v_item_detail_group_id) VALUES (18, '입력한 경로의 검증 부재로 악성사이트 포워드 가능 여부', 7);
INSERT INTO vms.v_item_detail (id, v_detail, v_item_detail_group_id) VALUES (19, '입력 값 응답 헤더 사용 시 필터링처리 부재 또는 미흡으로 임의 코드 동작 가능 여부', 8);
INSERT INTO vms.v_item_detail (id, v_detail, v_item_detail_group_id) VALUES (20, '입력 값 로깅 시 필터링처리 부재 또는 미흡으로 로그 조작 가능 여부', 8);
INSERT INTO vms.v_item_detail (id, v_detail, v_item_detail_group_id) VALUES (21, '파일명, 확장자에 대한 검증 부재 또는 미흡으로 악성파일 업로드 가능 여부', 9);
INSERT INTO vms.v_item_detail (id, v_detail, v_item_detail_group_id) VALUES (22, '악성파일 실행 가능 여부', 9);
INSERT INTO vms.v_item_detail (id, v_detail, v_item_detail_group_id) VALUES (23, '파일경로, 파일명의 검증 부재 또는 미흡으로 시스템 파일 다운로드 가능 여부', 10);
INSERT INTO vms.v_item_detail (id, v_detail, v_item_detail_group_id) VALUES (24, '조작을 통한 타인의 데이터 접근 가능 여부 (읽기)', 11);
INSERT INTO vms.v_item_detail (id, v_detail, v_item_detail_group_id) VALUES (25, '조작을 통한 타인의 데이터 변조 가능 여부 (쓰기)', 11);
INSERT INTO vms.v_item_detail (id, v_detail, v_item_detail_group_id) VALUES (26, '인증 값 없이 주요 기능 사용 가능 여부', 12);
INSERT INTO vms.v_item_detail (id, v_detail, v_item_detail_group_id) VALUES (27, '하나의 인증 값으로 서로 다른 PC에서 사용 여부', 13);
INSERT INTO vms.v_item_detail (id, v_detail, v_item_detail_group_id) VALUES (28, '인증 값 타임아웃 설정 여부', 13);
INSERT INTO vms.v_item_detail (id, v_detail, v_item_detail_group_id) VALUES (29, '고정된 인증 값 발급 및 사용 여부', 13);
INSERT INTO vms.v_item_detail (id, v_detail, v_item_detail_group_id) VALUES (30, '관리자 페이지 및 기능 분리 여부', 14);
INSERT INTO vms.v_item_detail (id, v_detail, v_item_detail_group_id) VALUES (31, '소스코드 내 주요정보 하드코딩 여부 ( 통함 )', 15);
INSERT INTO vms.v_item_detail (id, v_detail, v_item_detail_group_id) VALUES (32, '요청/응답 내 서비스에 이용되지 않는 정보 노출 여부', 16);
INSERT INTO vms.v_item_detail (id, v_detail, v_item_detail_group_id) VALUES (33, '요청/응답 내 데이터 평문 노출 여부', 16);
INSERT INTO vms.v_item_detail (id, v_detail, v_item_detail_group_id) VALUES (34, '통신 구간 암호화 적용 여부', 17);
INSERT INTO vms.v_item_detail (id, v_detail, v_item_detail_group_id) VALUES (35, '취약한 대칭키 암호화 알고리즘 사용 여부', 18);
INSERT INTO vms.v_item_detail (id, v_detail, v_item_detail_group_id) VALUES (36, '취약한 비대칭키 암호화 알고리즘 사용 여부', 18);
INSERT INTO vms.v_item_detail (id, v_detail, v_item_detail_group_id) VALUES (37, '취약한 해쉬함수 및 salt 사용 여부', 18);
INSERT INTO vms.v_item_detail (id, v_detail, v_item_detail_group_id) VALUES (38, '취약한 난수 생성 알고리즘 사용 여부', 18);
INSERT INTO vms.v_item_detail (id, v_detail, v_item_detail_group_id) VALUES (39, 'HTTP Default 오류페이지 노출 여부', 19);
INSERT INTO vms.v_item_detail (id, v_detail, v_item_detail_group_id) VALUES (40, '소스 코드 에러 메시지 노출 여부', 19);
INSERT INTO vms.v_item_detail (id, v_detail, v_item_detail_group_id) VALUES (41, '로그인 실패 시 일치하지 않는 오류메시지 노출 여부', 20);
INSERT INTO vms.v_item_detail (id, v_detail, v_item_detail_group_id) VALUES (42, '패스워스 생성 정책이 부재 또는 미흡으로 간단한 패스워드 생성 가능 여부', 21);
INSERT INTO vms.v_item_detail (id, v_detail, v_item_detail_group_id) VALUES (43, '지식기반 인증 실패 횟수에 대한 차단 및 대응 정책 여부', 22);
INSERT INTO vms.v_item_detail (id, v_detail, v_item_detail_group_id) VALUES (44, '소지기반 인증 실패 횟수에 대한 차단 및 대응 정책 여부', 22);
INSERT INTO vms.v_item_detail (id, v_detail, v_item_detail_group_id) VALUES (45, '서비스 내 제공 기능의 악용 가능성에 대한 제한 여부', 23);
INSERT INTO vms.v_item_detail (id, v_detail, v_item_detail_group_id) VALUES (46, '운영상 불필요한 파일 존재 및 사용 가능 여부', 24);
INSERT INTO vms.v_item_detail (id, v_detail, v_item_detail_group_id) VALUES (47, '취약한 TLS 프로토콜 버전 사용 여부', 25);
INSERT INTO vms.v_item_detail (id, v_detail, v_item_detail_group_id) VALUES (48, 'HTTPS 적용 여부', 26);
INSERT INTO vms.v_item_detail (id, v_detail, v_item_detail_group_id) VALUES (49, 'httponly , secure Cookie 적용 여부', 27);
INSERT INTO vms.v_item_detail (id, v_detail, v_item_detail_group_id) VALUES (50, 'URL 디렉토리 경로 접근 시 파일 리스팅 여부', 28);
INSERT INTO vms.v_item_detail (id, v_detail, v_item_detail_group_id) VALUES (51, '응답 값 내 불필요한 서버 정보 노출 여부', 29);
INSERT INTO vms.v_item_detail (id, v_detail, v_item_detail_group_id) VALUES (52, '검색엔진에 주요 정보 노출 가능 여부', 30);
INSERT INTO vms.v_item_detail (id, v_detail, v_item_detail_group_id) VALUES (53, '취약하거나 불필요한 HTTP Method 허용 여부', 31);
INSERT INTO vms.v_item_detail (id, v_detail, v_item_detail_group_id) VALUES (54, '취약점으로는 볼 수 없으나 확인은 필요한 내용', 32);
